DROP TABLE IF EXISTS `echoes_db`.`def_skill_effect_types`;
DROP TABLE IF EXISTS `echoes_db`.`def_skills`;
DROP TABLE IF EXISTS `echoes_db`.`def_skill_effects`;

CREATE TABLE `echoes_db`.`def_skill_effect_types` (
	"skill_effect_type_id" UNSIGNED TINYINT NOT NULL PRIMARY KEY,
	"skill_effect_type_desc" CHAR(50) FULLTEXT,
);
CREATE TABLE `echoes_db`.`def_skills` (
	"skill_id" UNSIGNED TINYINT NOT NULL PRIMARY KEY,
	"skill_name" CHAR(50) NOT NULL,
	"skill_size" UNSIGNED TINYINT NOT NULL composite unique key,
	"skill_level" UNSIGNED TINYINT NOT NULL composite unique key
);
CREATE TABLE `echoes_db`.`def_skill_effects` (
	"skill_effect_id" UNSIGNED TINYINT NOT NULL PRIMARY KEY autoincrement,
	"skill_id" UNSIGNED TINYINT NOT NULL,
	"skill_effect_type_id" UNSIGNED TINYINT NOT NULL,
	"skill_effect_amt" DECIMAL(4,2);
);

INSERT INTO `echoes_db`.`def_skill_effect_types`
	("skill_effect_type_id", "skill_effect_type_desc")
VALUES
	(1, "Small Missile/Torpedo Damage"),
	(2, "Small Missile/Torpedo Explosion Radius"),
	(3, "Small Missile/Torpedo Flight Time"),
	(4, "Small Missile/Torpedo Flight Velocity"),
	(5, "Medium Missile/Torpedo Damage"),
	(6, "Medium Missile/Torpedo Explosion Radius"),
	(7, "Medium Missile/Torpedo Flight Time"),
	(8, "Medium Missile/Torpedo Flight Velocity"),
	(9, "Large Missile/Torpedo Damage"),
	(10, "Large Missile/Torpedo Explosion Radius"),
	(11, "Large Missile/Torpedo Flight Time"),
	(12, "Large Missile/Torpedo Flight Velocity");

INSERT INTO `echoes_db`.`def_skills`
	("skill_id", "skill_name", "skill_size", "skill_level")
VALUES
	(1, "Small Missile/Torpedo Operation", 1, 1),
	(2, "Small Missile/Torpedo Operation", 1, 2),
	(3, "Small Missile/Torpedo Operation", 1, 3),
	(4, "Small Missile/Torpedo Operation", 1, 4),
	(5, "Small Missile/Torpedo Operation", 1, 5),
	(6, "Advanced Small Missile/Torpedo Operation", 1, 1),
	(7, "Advanced Small Missile/Torpedo Operation", 1, 2),
	(8, "Advanced Small Missile/Torpedo Operation", 1, 3),
	(9, "Advanced Small Missile/Torpedo Operation", 1, 4),
	(10, "Advanced Small Missile/Torpedo Operation", 1, 5),
	(11, "Expert Small Missile/Torpedo Operation", 1, 1),
	(12, "Expert Small Missile/Torpedo Operation", 1, 2),
	(13, "Expert Small Missile/Torpedo Operation", 1, 3),
	(14, "Expert Small Missile/Torpedo Operation", 1, 4),
	(15, "Expert Small Missile/Torpedo Operation", 1, 5),
	(16, "Small Missile/Torpedo Upgrade", 1, 1),
	(17, "Small Missile/Torpedo Upgrade", 1, 2),
	(18, "Small Missile/Torpedo Upgrade", 1, 3),
	(19, "Small Missile/Torpedo Upgrade", 1, 4),
	(20, "Small Missile/Torpedo Upgrade", 1, 5),
	(21, "Advanced Small Missile/Torpedo Upgrade", 1, 1),
	(22, "Advanced Small Missile/Torpedo Upgrade", 1, 2),
	(23, "Advanced Small Missile/Torpedo Upgrade", 1, 3),
	(24, "Advanced Small Missile/Torpedo Upgrade", 1, 4),
	(25, "Advanced Small Missile/Torpedo Upgrade", 1, 5),
	(26, "Expert Small Missile/Torpedo Upgrade", 1, 1),
	(27, "Expert Small Missile/Torpedo Upgrade", 1, 2),
	(28, "Expert Small Missile/Torpedo Upgrade", 1, 3),
	(29, "Expert Small Missile/Torpedo Upgrade", 1, 4),
	(30, "Expert Small Missile/Torpedo Upgrade", 1, 5),
	(31, "Medium Missile/Torpedo Operation", 2, 1),
	(32, "Medium Missile/Torpedo Operation", 2, 2),
	(33, "Medium Missile/Torpedo Operation", 2, 3),
	(34, "Medium Missile/Torpedo Operation", 2, 4),
	(35, "Medium Missile/Torpedo Operation", 2, 5),
	(36, "Advanced Medium Missile/Torpedo Operation", 2, 1),
	(37, "Advanced Medium Missile/Torpedo Operation", 2, 2),
	(38, "Advanced Medium Missile/Torpedo Operation", 2, 3),
	(39, "Advanced Medium Missile/Torpedo Operation", 2, 4),
	(40, "Advanced Medium Missile/Torpedo Operation", 2, 5),
	(41, "Expert Medium Missile/Torpedo Operation", 2, 1),
	(42, "Expert Medium Missile/Torpedo Operation", 2, 2),
	(43, "Expert Medium Missile/Torpedo Operation", 2, 3),
	(44, "Expert Medium Missile/Torpedo Operation", 2, 4),
	(45, "Expert Medium Missile/Torpedo Operation", 2, 5),
	(46, "Medium Missile/Torpedo Upgrade", 2, 1),
	(47, "Medium Missile/Torpedo Upgrade", 2, 2),
	(48, "Medium Missile/Torpedo Upgrade", 2, 3),
	(49, "Medium Missile/Torpedo Upgrade", 2, 4),
	(50, "Medium Missile/Torpedo Upgrade", 2, 5),
	(51, "Advanced Medium Missile/Torpedo Upgrade", 2, 1),
	(52, "Advanced Medium Missile/Torpedo Upgrade", 2, 2),
	(53, "Advanced Medium Missile/Torpedo Upgrade", 2, 3),
	(54, "Advanced Medium Missile/Torpedo Upgrade", 2, 4),
	(55, "Advanced Medium Missile/Torpedo Upgrade", 2, 5),
	(56, "Expert Medium Missile/Torpedo Upgrade", 2, 1),
	(57, "Expert Medium Missile/Torpedo Upgrade", 2, 2),
	(58, "Expert Medium Missile/Torpedo Upgrade", 2, 3),
	(59, "Expert Medium Missile/Torpedo Upgrade", 2, 4),
	(60, "Expert Medium Missile/Torpedo Upgrade", 2, 5),
	(61, "Large Missile/Torpedo Operation", 3, 1),
	(62, "Large Missile/Torpedo Operation", 3, 2),
	(63, "Large Missile/Torpedo Operation", 3, 3),
	(64, "Large Missile/Torpedo Operation", 3, 4),
	(65, "Large Missile/Torpedo Operation", 3, 5),
	(66, "Advanced Large Missile/Torpedo Operation", 3, 1),
	(67, "Advanced Large Missile/Torpedo Operation", 3, 2),
	(68, "Advanced Large Missile/Torpedo Operation", 3, 3),
	(69, "Advanced Large Missile/Torpedo Operation", 3, 4),
	(70, "Advanced Large Missile/Torpedo Operation", 3, 5),
	(71, "Expert Large Missile/Torpedo Operation", 3, 1),
	(72, "Expert Large Missile/Torpedo Operation", 3, 2),
	(73, "Expert Large Missile/Torpedo Operation", 3, 3),
	(74, "Expert Large Missile/Torpedo Operation", 3, 4),
	(75, "Expert Large Missile/Torpedo Operation", 3, 5),
	(76, "Large Missile/Torpedo Upgrade", 3, 1),
	(77, "Large Missile/Torpedo Upgrade", 3, 2),
	(78, "Large Missile/Torpedo Upgrade", 3, 3),
	(79, "Large Missile/Torpedo Upgrade", 3, 4),
	(80, "Large Missile/Torpedo Upgrade", 3, 5),
	(81, "Advanced Large Missile/Torpedo Upgrade", 3, 1),
	(82, "Advanced Large Missile/Torpedo Upgrade", 3, 2),
	(83, "Advanced Large Missile/Torpedo Upgrade", 3, 3),
	(84, "Advanced Large Missile/Torpedo Upgrade", 3, 4),
	(85, "Advanced Large Missile/Torpedo Upgrade", 3, 5),
	(86, "Expert Large Missile/Torpedo Upgrade", 3, 1),
	(87, "Expert Large Missile/Torpedo Upgrade", 3, 2),
	(88, "Expert Large Missile/Torpedo Upgrade", 3, 3),
	(89, "Expert Large Missile/Torpedo Upgrade", 3, 4),
	(90, "Expert Large Missile/Torpedo Upgrade", 3, 5),

INSERT INTO `echoes_db`.`def_skill_effects`
	("skill_id", "skill_effect_type_id", "skill_effect_amt")
VALUES
	(1, 1, 1.04),
	(2, 1, 1.08),
	(3, 1, 1.12),
	(3, 2, 0.95),
	(4, 1, 1.16),
	(4, 2, 0.9),
	(5, 1, 1.2),
	(5, 2, 0.85),
	(6, 1, 1.02),
	(7, 1, 1.04),
	(8, 1, 1.06),
	(8, 2, 0.97),
	(9, 1, 1.08),
	(9, 2, 0.94),
	(10, 1, 1.1),
	(10, 2, 0.9),
	(11, 1, 1.02),
	(12, 1, 1.04),
	(13, 1, 1.06),
	(13, 2, 0.97),
	(14, 1, 1.08),
	(14, 2, 0.94),
	(15, 1, 1.1),
	(15, 2, 0.9),
	(16, 1, 1.03),
	(17, 1, 1.06),
	(17, 3, 1.02),
	(18, 1, 1.09),
	(18, 3, 1.04),
	(19, 1, 1.12),
	(19, 3, 1.07),
	(19, 4, 1.02),
	(20, 1, 1.15),
	(20, 3, 1.10),
	(20, 4, 1.04),
	(21, 1, 1.02),
	(22, 1, 1.04),
	(22, 3, 1.01),
	(23, 1, 1.06),
	(23, 3, 1.02),
	(23, 4, 1.01),

	(24, 8, , 3, 2),
	(25, 10, , 5, 3),

	(26, 2, , , ),
	(27, 4, , 1, ),
	(28, 6, , 2, 1),
	(29, 8, , 3, 2),
	(30, 10, , 5, 3),




	("Medium Missile/Torpedo Operation", 1, 4, , , ),
	("Medium Missile/Torpedo Operation", 2, 8, , , ),
	("Medium Missile/Torpedo Operation", 3, 12, -5, , ),
	("Medium Missile/Torpedo Operation", 4, 16, -10, , ),
	("Medium Missile/Torpedo Operation", 5, 20, -15, , ),
	("Advanced Medium Missile/Torpedo Operation", 1, 2, , , ),
	("Advanced Medium Missile/Torpedo Operation", 2, 4, , , ),
	("Advanced Medium Missile/Torpedo Operation", 3, 6, -3, , ),
	("Advanced Medium Missile/Torpedo Operation", 4, 8, -6, , ),
	("Advanced Medium Missile/Torpedo Operation", 5, 10, -10, , ),
	("Expert Medium Missile/Torpedo Operation", 1, 2, , , ),
	("Expert Medium Missile/Torpedo Operation", 2, 4, , , ),
	("Expert Medium Missile/Torpedo Operation", 3, 6, -3, , ),
	("Expert Medium Missile/Torpedo Operation", 4, 8, -6, , ),
	("Expert Medium Missile/Torpedo Operation", 5, 10, -10, , ),
	("Medium Missile/Torpedo Upgrade", 1, 3, , , ),
	("Medium Missile/Torpedo Upgrade", 2, 6, , 2, ),
	("Medium Missile/Torpedo Upgrade", 3, 9, , 4, ),
	("Medium Missile/Torpedo Upgrade", 4, 12, , 7, 2),
	("Medium Missile/Torpedo Upgrade", 5, 15, , 10, 4),
	("Advanced Medium Missile/Torpedo Upgrade", 1, 2, , , ),
	("Advanced Medium Missile/Torpedo Upgrade", 2, 4, , 1, ),
	("Advanced Medium Missile/Torpedo Upgrade", 3, 6, , 2, 1),
	("Advanced Medium Missile/Torpedo Upgrade", 4, 8, , 3, 2),
	("Advanced Medium Missile/Torpedo Upgrade", 5, 10, , 5, 3),
	("Expert Medium Missile/Torpedo Upgrade", 1, 2, , , ),
	("Expert Medium Missile/Torpedo Upgrade", 2, 4, , 1, ),
	("Expert Medium Missile/Torpedo Upgrade", 3, 6, , 2, 1),
	("Expert Medium Missile/Torpedo Upgrade", 4, 8, , 3, 2),
	("Expert Medium Missile/Torpedo Upgrade", 5, 10, , 5, 3),

	("Large Missile/Torpedo Operation", 1, 4, , , ),
	("Large Missile/Torpedo Operation", 2, 8, , , ),
	("Large Missile/Torpedo Operation", 3, 12, -5, , ),
	("Large Missile/Torpedo Operation", 4, 16, -10, , ),
	("Large Missile/Torpedo Operation", 5, 20, -15, , ),
	("Advanced Large Missile/Torpedo Operation", 1, 2, , , ),
	("Advanced Large Missile/Torpedo Operation", 2, 4, , , ),
	("Advanced Large Missile/Torpedo Operation", 3, 6, -3, , ),
	("Advanced Large Missile/Torpedo Operation", 4, 8, -6, , ),
	("Advanced Large Missile/Torpedo Operation", 5, 10, -10, , ),
	("Expert Large Missile/Torpedo Operation", 1, 2, , , ),
	("Expert Large Missile/Torpedo Operation", 2, 4, , , ),
	("Expert Large Missile/Torpedo Operation", 3, 6, -3, , ),
	("Expert Large Missile/Torpedo Operation", 4, 8, -6, , ),
	("Expert Large Missile/Torpedo Operation", 5, 10, -10, , ),
	("Large Missile/Torpedo Upgrade", 1, 3, , , ),
	("Large Missile/Torpedo Upgrade", 2, 6, , 2, ),
	("Large Missile/Torpedo Upgrade", 3, 9, , 4, ),
	("Large Missile/Torpedo Upgrade", 4, 12, , 7, 2),
	("Large Missile/Torpedo Upgrade", 5, 15, , 10, 4),
	("Advanced Large Missile/Torpedo Upgrade", 1, 2, , , ),
	("Advanced Large Missile/Torpedo Upgrade", 2, 4, , 1, ),
	("Advanced Large Missile/Torpedo Upgrade", 3, 6, , 2, 1),
	("Advanced Large Missile/Torpedo Upgrade", 4, 8, , 3, 2),
	("Advanced Large Missile/Torpedo Upgrade", 5, 10, , 5, 3),
	("Expert Large Missile/Torpedo Upgrade", 1, 2, , , ),
	("Expert Large Missile/Torpedo Upgrade", 2, 4, , 1, ),
	("Expert Large Missile/Torpedo Upgrade", 3, 6, , 2, 1),
	("Expert Large Missile/Torpedo Upgrade", 4, 8, , 3, 2),
	("Expert Large Missile/Torpedo Upgrade", 5, 10, , 5, 3),
